Province,horizon,quantile,percentile,score_value
ANTANANARIVO,6h,0.0,0.0,0.0049984226105927
ANTANANARIVO,6h,0.01,1.0,0.00519381975441488
ANTANANARIVO,6h,0.02,2.0,0.005252798407748
ANTANANARIVO,6h,0.03,3.0,0.0053148200295833
ANTANANARIVO,6h,0.04,4.0,0.0053501573170962
ANTANANARIVO,6h,0.05,5.0,0.0053923216773105
ANTANANARIVO,6h,0.06,6.0,0.00549109167346586
ANTANANARIVO,6h,0.07,7.000000000000001,0.00560738298909804
ANTANANARIVO,6h,0.08,8.0,0.00569494703925302
ANTANANARIVO,6h,0.09,9.0,0.0058019146896207
ANTANANARIVO,6h,0.1,10.0,0.0058209470105435
ANTANANARIVO,6h,0.11,11.0,0.0058546377760015
ANTANANARIVO,6h,0.12,12.0,0.0058920095233981
ANTANANARIVO,6h,0.13,13.0,0.0059149877454161
ANTANANARIVO,6h,0.14,14.000000000000002,0.0059401048845606
ANTANANARIVO,6h,0.15,15.0,0.0059435738259456
ANTANANARIVO,6h,0.16,16.0,0.0059815591549913
ANTANANARIVO,6h,0.17,17.0,0.0060064988196688
ANTANANARIVO,6h,0.18,18.0,0.0060277943188466
ANTANANARIVO,6h,0.19,19.0,0.0060337156681497
ANTANANARIVO,6h,0.2,20.0,0.0060730487402965
ANTANANARIVO,6h,0.21,21.0,0.0061066472506962
ANTANANARIVO,6h,0.22,22.0,0.0061402281571326
ANTANANARIVO,6h,0.23,23.0,0.0061656667644937
ANTANANARIVO,6h,0.24,24.0,0.006201301029286
ANTANANARIVO,6h,0.25,25.0,0.0063240870477317
ANTANANARIVO,6h,0.26,26.0,0.0063883209572064
ANTANANARIVO,6h,0.27,27.0,0.00646206267982856
ANTANANARIVO,6h,0.28,28.000000000000004,0.0064821697364421
ANTANANARIVO,6h,0.29,28.999999999999996,0.0065011728471811
ANTANANARIVO,6h,0.3,30.0,0.0065217363071637
ANTANANARIVO,6h,0.31,31.0,0.0065933415349329
ANTANANARIVO,6h,0.32,32.0,0.0067413668931347
ANTANANARIVO,6h,0.33,33.0,0.006926300127853921
ANTANANARIVO,6h,0.34,34.0,0.007103443321695541
ANTANANARIVO,6h,0.35000000000000003,35.0,0.007462880161460701
ANTANANARIVO,6h,0.36,36.0,0.00768765229688538
ANTANANARIVO,6h,0.37,37.0,0.0079713448023506
ANTANANARIVO,6h,0.38,38.0,0.0081312063032795
ANTANANARIVO,6h,0.39,39.0,0.0081996771977127
ANTANANARIVO,6h,0.4,40.0,0.0082768232809095
ANTANANARIVO,6h,0.41000000000000003,41.0,0.008345972110177461
ANTANANARIVO,6h,0.42,42.0,0.0085583414217618
ANTANANARIVO,6h,0.43,43.0,0.0087442553655988
ANTANANARIVO,6h,0.44,44.0,0.0089573862721575
ANTANANARIVO,6h,0.45,45.0,0.0090896290906048
ANTANANARIVO,6h,0.46,46.0,0.0091882263117159
ANTANANARIVO,6h,0.47000000000000003,47.0,0.0094010440026662
ANTANANARIVO,6h,0.48,48.0,0.0095053753089238
ANTANANARIVO,6h,0.49,49.0,0.00971457206210024
ANTANANARIVO,6h,0.5,50.0,0.0099473561817115
ANTANANARIVO,6h,0.51,51.0,0.010447667812607702
ANTANANARIVO,6h,0.52,52.0,0.011007574659605014
ANTANANARIVO,6h,0.53,53.0,0.0120722969824134
ANTANANARIVO,6h,0.54,54.0,0.0125509492751587
ANTANANARIVO,6h,0.55,55.00000000000001,0.0130697204143121
ANTANANARIVO,6h,0.56,56.00000000000001,0.013575581784297802
ANTANANARIVO,6h,0.5700000000000001,57.00000000000001,0.014037281787998464
ANTANANARIVO,6h,0.58,57.99999999999999,0.014672598370773676
ANTANANARIVO,6h,0.59,59.0,0.015202238804758078
ANTANANARIVO,6h,0.6,60.0,0.0157262767173081
ANTANANARIVO,6h,0.61,61.0,0.016414727802940697
ANTANANARIVO,6h,0.62,62.0,0.016921496951277
ANTANANARIVO,6h,0.63,63.0,0.017468628879336385
ANTANANARIVO,6h,0.64,64.0,0.0179968981547795
ANTANANARIVO,6h,0.65,65.0,0.0184779755504352
ANTANANARIVO,6h,0.66,66.0,0.01917213005629862
ANTANANARIVO,6h,0.67,67.0,0.019778437437681463
ANTANANARIVO,6h,0.68,68.0,0.020677496317236446
ANTANANARIVO,6h,0.6900000000000001,69.0,0.0215911362746545
ANTANANARIVO,6h,0.7000000000000001,70.0,0.0223616294152466
ANTANANARIVO,6h,0.71,71.0,0.023137136076344954
ANTANANARIVO,6h,0.72,72.0,0.0247183411384363
ANTANANARIVO,6h,0.73,73.0,0.026261101363239
ANTANANARIVO,6h,0.74,74.0,0.0274704224968185
ANTANANARIVO,6h,0.75,75.0,0.0291687888278899
ANTANANARIVO,6h,0.76,76.0,0.03109806550349808
ANTANANARIVO,6h,0.77,77.0,0.03322719694151442
ANTANANARIVO,6h,0.78,78.0,0.035905002892244256
ANTANANARIVO,6h,0.79,79.0,0.04001984885261366
ANTANANARIVO,6h,0.8,80.0,0.0442094961124834
ANTANANARIVO,6h,0.81,81.0,0.0467742921722475
ANTANANARIVO,6h,0.8200000000000001,82.0,0.04960283325954515
ANTANANARIVO,6h,0.8300000000000001,83.0,0.0522578181054591
ANTANANARIVO,6h,0.84,84.0,0.058732233595090756
ANTANANARIVO,6h,0.85,85.0,0.0656326657369822
ANTANANARIVO,6h,0.86,86.0,0.07295498132138813
ANTANANARIVO,6h,0.87,87.0,0.08493053050721448
ANTANANARIVO,6h,0.88,88.0,0.09671394551439914
ANTANANARIVO,6h,0.89,89.0,0.1074180723729648
ANTANANARIVO,6h,0.9,90.0,0.1202110274949584
ANTANANARIVO,6h,0.91,91.0,0.13635388292411782
ANTANANARIVO,6h,0.92,92.0,0.15374959797359763
ANTANANARIVO,6h,0.93,93.0,0.18305418525131176
ANTANANARIVO,6h,0.9400000000000001,94.0,0.22053500402313836
ANTANANARIVO,6h,0.9500000000000001,95.0,0.3103813101107038
ANTANANARIVO,6h,0.96,96.0,0.38819621828184925
ANTANANARIVO,6h,0.97,97.0,0.45261718419218133
ANTANANARIVO,6h,0.98,98.0,0.5310975737558848
ANTANANARIVO,6h,0.99,99.0,0.637585771191958
ANTANANARIVO,6h,1.0,100.0,0.9719772980557388
ANTANANARIVO,24h,0.0,0.0,0.0020548343054105
ANTANANARIVO,24h,0.01,1.0,0.00709979922523284
ANTANANARIVO,24h,0.02,2.0,0.008851490865764
ANTANANARIVO,24h,0.03,3.0,0.01005600261633724
ANTANANARIVO,24h,0.04,4.0,0.01078366977189294
ANTANANARIVO,24h,0.05,5.0,0.0112680687604062
ANTANANARIVO,24h,0.06,6.0,0.0118656029780097
ANTANANARIVO,24h,0.07,7.000000000000001,0.01260409374716804
ANTANANARIVO,24h,0.08,8.0,0.013671241896204861
ANTANANARIVO,24h,0.09,9.0,0.0147403795334377
ANTANANARIVO,24h,0.1,10.0,0.0156111802345059
ANTANANARIVO,24h,0.11,11.0,0.01647726942080116
ANTANANARIVO,24h,0.12,12.0,0.01728068400729466
ANTANANARIVO,24h,0.13,13.0,0.01780056051720492
ANTANANARIVO,24h,0.14,14.000000000000002,0.018310375646235482
ANTANANARIVO,24h,0.15,15.0,0.0190260628768696
ANTANANARIVO,24h,0.16,16.0,0.019632841847447582
ANTANANARIVO,24h,0.17,17.0,0.019953752779504
ANTANANARIVO,24h,0.18,18.0,0.020528554389975882
ANTANANARIVO,24h,0.19,19.0,0.0210348338605851
ANTANANARIVO,24h,0.2,20.0,0.0214318633860776
ANTANANARIVO,24h,0.21,21.0,0.02191269962010176
ANTANANARIVO,24h,0.22,22.0,0.02246369424737262
ANTANANARIVO,24h,0.23,23.0,0.0229004511809396
ANTANANARIVO,24h,0.24,24.0,0.0234739238163202
ANTANANARIVO,24h,0.25,25.0,0.0242132993619632
ANTANANARIVO,24h,0.26,26.0,0.024799587827313136
ANTANANARIVO,24h,0.27,27.0,0.025636399859264362
ANTANANARIVO,24h,0.28,28.000000000000004,0.026292765781073122
ANTANANARIVO,24h,0.29,28.999999999999996,0.027082709404914897
ANTANANARIVO,24h,0.3,30.0,0.027806880757553
ANTANANARIVO,24h,0.31,31.0,0.028551693785106597
ANTANANARIVO,24h,0.32,32.0,0.029345547388269343
ANTANANARIVO,24h,0.33,33.0,0.030471606177721402
ANTANANARIVO,24h,0.34,34.0,0.03163599646243688
ANTANANARIVO,24h,0.35000000000000003,35.0,0.03292677180661141
ANTANANARIVO,24h,0.36,36.0,0.03452021182872712
ANTANANARIVO,24h,0.37,37.0,0.03617427603844482
ANTANANARIVO,24h,0.38,38.0,0.038065573165357004
ANTANANARIVO,24h,0.39,39.0,0.04094857473215156
ANTANANARIVO,24h,0.4,40.0,0.0441823720560692
ANTANANARIVO,24h,0.41000000000000003,41.0,0.0483787997685058
ANTANANARIVO,24h,0.42,42.0,0.0537427377115938
ANTANANARIVO,24h,0.43,43.0,0.06003228854620003
ANTANANARIVO,24h,0.44,44.0,0.06387918437666334
ANTANANARIVO,24h,0.45,45.0,0.0690947504407827
ANTANANARIVO,24h,0.46,46.0,0.07544779447880853
ANTANANARIVO,24h,0.47000000000000003,47.0,0.08319178809988755
ANTANANARIVO,24h,0.48,48.0,0.09634059939348182
ANTANANARIVO,24h,0.49,49.0,0.10663655208592705
ANTANANARIVO,24h,0.5,50.0,0.1190786966427606
ANTANANARIVO,24h,0.51,51.0,0.1355159246322671
ANTANANARIVO,24h,0.52,52.0,0.15607889198152106
ANTANANARIVO,24h,0.53,53.0,0.17149784680009172
ANTANANARIVO,24h,0.54,54.0,0.18547129700344409
ANTANANARIVO,24h,0.55,55.00000000000001,0.199298101652398
ANTANANARIVO,24h,0.56,56.00000000000001,0.21277625198367564
ANTANANARIVO,24h,0.5700000000000001,57.00000000000001,0.22287094429742937
ANTANANARIVO,24h,0.58,57.99999999999999,0.23312928920888876
ANTANANARIVO,24h,0.59,59.0,0.24339860141662034
ANTANANARIVO,24h,0.6,60.0,0.2519410329639858
ANTANANARIVO,24h,0.61,61.0,0.2593134260225352
ANTANANARIVO,24h,0.62,62.0,0.2678207904762053
ANTANANARIVO,24h,0.63,63.0,0.27609032322284477
ANTANANARIVO,24h,0.64,64.0,0.28472098205254387
ANTANANARIVO,24h,0.65,65.0,0.2954039397202752
ANTANANARIVO,24h,0.66,66.0,0.30338745088192387
ANTANANARIVO,24h,0.67,67.0,0.31237845055765984
ANTANANARIVO,24h,0.68,68.0,0.32123709529428396
ANTANANARIVO,24h,0.6900000000000001,69.0,0.32838219797157436
ANTANANARIVO,24h,0.7000000000000001,70.0,0.33506371419048625
ANTANANARIVO,24h,0.71,71.0,0.3418643023877874
ANTANANARIVO,24h,0.72,72.0,0.3473471170243334
ANTANANARIVO,24h,0.73,73.0,0.3540345455756638
ANTANANARIVO,24h,0.74,74.0,0.36158433992715916
ANTANANARIVO,24h,0.75,75.0,0.3699217211076301
ANTANANARIVO,24h,0.76,76.0,0.37874913159486634
ANTANANARIVO,24h,0.77,77.0,0.3878920575569274
ANTANANARIVO,24h,0.78,78.0,0.39957888955245635
ANTANANARIVO,24h,0.79,79.0,0.4081334806926362
ANTANANARIVO,24h,0.8,80.0,0.4199743689925741
ANTANANARIVO,24h,0.81,81.0,0.430064443874418
ANTANANARIVO,24h,0.8200000000000001,82.0,0.4411146184550182
ANTANANARIVO,24h,0.8300000000000001,83.0,0.4495409896844818
ANTANANARIVO,24h,0.84,84.0,0.4589124145414376
ANTANANARIVO,24h,0.85,85.0,0.4665786343097412
ANTANANARIVO,24h,0.86,86.0,0.47488101515915404
ANTANANARIVO,24h,0.87,87.0,0.4828276454566676
ANTANANARIVO,24h,0.88,88.0,0.4937328098142116
ANTANANARIVO,24h,0.89,89.0,0.5044670193574283
ANTANANARIVO,24h,0.9,90.0,0.5178591171467404
ANTANANARIVO,24h,0.91,91.0,0.5284109389698771
ANTANANARIVO,24h,0.92,92.0,0.5461375007782501
ANTANANARIVO,24h,0.93,93.0,0.5641550332414809
ANTANANARIVO,24h,0.9400000000000001,94.0,0.5811042335993335
ANTANANARIVO,24h,0.9500000000000001,95.0,0.5993718966716144
ANTANANARIVO,24h,0.96,96.0,0.6129252056828662
ANTANANARIVO,24h,0.97,97.0,0.6281806718336845
ANTANANARIVO,24h,0.98,98.0,0.6462322466681487
ANTANANARIVO,24h,0.99,99.0,0.6811143925519626
ANTANANARIVO,24h,1.0,100.0,0.7899155563721629
ANTSIRANANA,6h,0.0,0.0,0.0051483125893602
ANTSIRANANA,6h,0.01,1.0,0.0052634139159506
ANTSIRANANA,6h,0.02,2.0,0.0053190162460646
ANTSIRANANA,6h,0.03,3.0,0.00535550140990052
ANTSIRANANA,6h,0.04,4.0,0.0054083379567284
ANTSIRANANA,6h,0.05,5.0,0.0054880284223497
ANTSIRANANA,6h,0.06,6.0,0.0055859012410633
ANTSIRANANA,6h,0.07,7.000000000000001,0.005643103990859361
ANTSIRANANA,6h,0.08,8.0,0.0057014818147335
ANTSIRANANA,6h,0.09,9.0,0.0057449888509479
ANTSIRANANA,6h,0.1,10.0,0.0058059475574234
ANTSIRANANA,6h,0.11,11.0,0.0058377526616301
ANTSIRANANA,6h,0.12,12.0,0.0058761999819883
ANTSIRANANA,6h,0.13,13.0,0.0059093670842368
ANTSIRANANA,6h,0.14,14.000000000000002,0.0059122633509405
ANTSIRANANA,6h,0.15,15.0,0.0059360320344025
ANTSIRANANA,6h,0.16,16.0,0.005945688397646
ANTSIRANANA,6h,0.17,17.0,0.0059706182390762
ANTSIRANANA,6h,0.18,18.0,0.0060096751658788
ANTSIRANANA,6h,0.19,19.0,0.0060438131911491
ANTSIRANANA,6h,0.2,20.0,0.0060891274403225
ANTSIRANANA,6h,0.21,21.0,0.00613229634706688
ANTSIRANANA,6h,0.22,22.0,0.0061711165407512
ANTSIRANANA,6h,0.23,23.0,0.0062021172445899005
ANTSIRANANA,6h,0.24,24.0,0.00623526385414938
ANTSIRANANA,6h,0.25,25.0,0.0062712717210304
ANTSIRANANA,6h,0.26,26.0,0.0063244521811915
ANTSIRANANA,6h,0.27,27.0,0.00637011506876356
ANTSIRANANA,6h,0.28,28.000000000000004,0.00639842151105008
ANTSIRANANA,6h,0.29,28.999999999999996,0.0064448064423313
ANTSIRANANA,6h,0.3,30.0,0.0064786781625131
ANTSIRANANA,6h,0.31,31.0,0.00649473149324044
ANTSIRANANA,6h,0.32,32.0,0.0065296646490976
ANTSIRANANA,6h,0.33,33.0,0.0065316004996979
ANTSIRANANA,6h,0.34,34.0,0.0065663647168367
ANTSIRANANA,6h,0.35000000000000003,35.0,0.006625293534363601
ANTSIRANANA,6h,0.36,36.0,0.006662932759325
ANTSIRANANA,6h,0.37,37.0,0.0066926496885276
ANTSIRANANA,6h,0.38,38.0,0.0067294873797652
ANTSIRANANA,6h,0.39,39.0,0.0067317270596413
ANTSIRANANA,6h,0.4,40.0,0.0067759615668681
ANTSIRANANA,6h,0.41000000000000003,41.0,0.0068312410874686
ANTSIRANANA,6h,0.42,42.0,0.0068957460057886
ANTSIRANANA,6h,0.43,43.0,0.00694283779988808
ANTSIRANANA,6h,0.44,44.0,0.00699985557644482
ANTSIRANANA,6h,0.45,45.0,0.0070849560966864
ANTSIRANANA,6h,0.46,46.0,0.007165381601071361
ANTSIRANANA,6h,0.47000000000000003,47.0,0.007238493838497079
ANTSIRANANA,6h,0.48,48.0,0.0073361291738384
ANTSIRANANA,6h,0.49,49.0,0.0074124970556345
ANTSIRANANA,6h,0.5,50.0,0.0074658402091855
ANTSIRANANA,6h,0.51,51.0,0.0074964262952743
ANTSIRANANA,6h,0.52,52.0,0.0075422956513946
ANTSIRANANA,6h,0.53,53.0,0.0076028931727447
ANTSIRANANA,6h,0.54,54.0,0.0076868309129759
ANTSIRANANA,6h,0.55,55.00000000000001,0.0077607925224352
ANTSIRANANA,6h,0.56,56.00000000000001,0.0078240502539059
ANTSIRANANA,6h,0.5700000000000001,57.00000000000001,0.0078778737976232
ANTSIRANANA,6h,0.58,57.99999999999999,0.0079261555662956
ANTSIRANANA,6h,0.59,59.0,0.0079785555770723
ANTSIRANANA,6h,0.6,60.0,0.0081016125548475
ANTSIRANANA,6h,0.61,61.0,0.0082578439567015
ANTSIRANANA,6h,0.62,62.0,0.0084466286216995
ANTSIRANANA,6h,0.63,63.0,0.0086102327422919
ANTSIRANANA,6h,0.64,64.0,0.0088262340317098
ANTSIRANANA,6h,0.65,65.0,0.008966018505212
ANTSIRANANA,6h,0.66,66.0,0.009081855674807541
ANTSIRANANA,6h,0.67,67.0,0.009185957922762101
ANTSIRANANA,6h,0.68,68.0,0.00925458644692762
ANTSIRANANA,6h,0.6900000000000001,69.0,0.0093125691586708
ANTSIRANANA,6h,0.7000000000000001,70.0,0.0093602413373317
ANTSIRANANA,6h,0.71,71.0,0.0094746258138804
ANTSIRANANA,6h,0.72,72.0,0.00955431030443848
ANTSIRANANA,6h,0.73,73.0,0.00958609825463364
ANTSIRANANA,6h,0.74,74.0,0.0096423971654678
ANTSIRANANA,6h,0.75,75.0,0.0096842681498593
ANTSIRANANA,6h,0.76,76.0,0.0097256353440641
ANTSIRANANA,6h,0.77,77.0,0.00977735306388732
ANTSIRANANA,6h,0.78,78.0,0.0098529373590965
ANTSIRANANA,6h,0.79,79.0,0.0099028097511141
ANTSIRANANA,6h,0.8,80.0,0.0099605771972518
ANTSIRANANA,6h,0.81,81.0,0.0099863427161571
ANTSIRANANA,6h,0.8200000000000001,82.0,0.010087846968547
ANTSIRANANA,6h,0.8300000000000001,83.0,0.0102196143469827
ANTSIRANANA,6h,0.84,84.0,0.0103510153273557
ANTSIRANANA,6h,0.85,85.0,0.0105466106355176
ANTSIRANANA,6h,0.86,86.0,0.01073979967106402
ANTSIRANANA,6h,0.87,87.0,0.0109917124498535
ANTSIRANANA,6h,0.88,88.0,0.0112431550642749
ANTSIRANANA,6h,0.89,89.0,0.011487479372625283
ANTSIRANANA,6h,0.9,90.0,0.0117776408512727
ANTSIRANANA,6h,0.91,91.0,0.012008469046557122
ANTSIRANANA,6h,0.92,92.0,0.012279252160367
ANTSIRANANA,6h,0.93,93.0,0.01265463306632804
ANTSIRANANA,6h,0.9400000000000001,94.0,0.0129989964043433
ANTSIRANANA,6h,0.9500000000000001,95.0,0.0133157051709954
ANTSIRANANA,6h,0.96,96.0,0.0137604820397618
ANTSIRANANA,6h,0.97,97.0,0.014370884449456833
ANTSIRANANA,6h,0.98,98.0,0.015357547674004051
ANTSIRANANA,6h,0.99,99.0,0.01704546742201685
ANTSIRANANA,6h,1.0,100.0,0.0547971947910688
ANTSIRANANA,24h,0.0,0.0,0.0
ANTSIRANANA,24h,0.01,1.0,0.0
ANTSIRANANA,24h,0.02,2.0,0.0001567194478278
ANTSIRANANA,24h,0.03,3.0,0.0001567194478278
ANTSIRANANA,24h,0.04,4.0,0.0001567194478278
ANTSIRANANA,24h,0.05,5.0,0.0001567194478278
ANTSIRANANA,24h,0.06,6.0,0.0001567194478278
ANTSIRANANA,24h,0.07,7.000000000000001,0.0001567194478278
ANTSIRANANA,24h,0.08,8.0,0.0001567194478278
ANTSIRANANA,24h,0.09,9.0,0.0001567194478278
ANTSIRANANA,24h,0.1,10.0,0.0001567194478278
ANTSIRANANA,24h,0.11,11.0,0.0001567194478278
ANTSIRANANA,24h,0.12,12.0,0.0001567194478278
ANTSIRANANA,24h,0.13,13.0,0.0001567194478278
ANTSIRANANA,24h,0.14,14.000000000000002,0.0001567194478278
ANTSIRANANA,24h,0.15,15.0,0.0001567194478278
ANTSIRANANA,24h,0.16,16.0,0.0001567194478278
ANTSIRANANA,24h,0.17,17.0,0.0001567194478278
ANTSIRANANA,24h,0.18,18.0,0.0001567194478278
ANTSIRANANA,24h,0.19,19.0,0.0001567194478278
ANTSIRANANA,24h,0.2,20.0,0.0001567194478278
ANTSIRANANA,24h,0.21,21.0,0.0001567194478278
ANTSIRANANA,24h,0.22,22.0,0.0001567194478278
ANTSIRANANA,24h,0.23,23.0,0.0001567194478278
ANTSIRANANA,24h,0.24,24.0,0.0001567194478278
ANTSIRANANA,24h,0.25,25.0,0.0001567194478278
ANTSIRANANA,24h,0.26,26.0,0.0001567194478278
ANTSIRANANA,24h,0.27,27.0,0.0001567194478278
ANTSIRANANA,24h,0.28,28.000000000000004,0.0001567194478278
ANTSIRANANA,24h,0.29,28.999999999999996,0.0001567194478278
ANTSIRANANA,24h,0.3,30.0,0.0001567194478278
ANTSIRANANA,24h,0.31,31.0,0.0001567194478278
ANTSIRANANA,24h,0.32,32.0,0.0001567194478278
ANTSIRANANA,24h,0.33,33.0,0.0001567194478278
ANTSIRANANA,24h,0.34,34.0,0.0001567194478278
ANTSIRANANA,24h,0.35000000000000003,35.0,0.0001567194478278
ANTSIRANANA,24h,0.36,36.0,0.0001567194478278
ANTSIRANANA,24h,0.37,37.0,0.0001567194478278
ANTSIRANANA,24h,0.38,38.0,0.0001567194478278
ANTSIRANANA,24h,0.39,39.0,0.0001567194478278
ANTSIRANANA,24h,0.4,40.0,0.0001567194478278
ANTSIRANANA,24h,0.41000000000000003,41.0,0.0001567194478278
ANTSIRANANA,24h,0.42,42.0,0.0001567194478278
ANTSIRANANA,24h,0.43,43.0,0.0001567194478278
ANTSIRANANA,24h,0.44,44.0,0.0001567194478278
ANTSIRANANA,24h,0.45,45.0,0.0001567194478278
ANTSIRANANA,24h,0.46,46.0,0.0001567194478278
ANTSIRANANA,24h,0.47000000000000003,47.0,0.0001567194478278
ANTSIRANANA,24h,0.48,48.0,0.0001567194478278
ANTSIRANANA,24h,0.49,49.0,0.0001567194478278
ANTSIRANANA,24h,0.5,50.0,0.0001567194478278
ANTSIRANANA,24h,0.51,51.0,0.0001567194478278
ANTSIRANANA,24h,0.52,52.0,0.0001567194478278
ANTSIRANANA,24h,0.53,53.0,0.0001567194478278
ANTSIRANANA,24h,0.54,54.0,0.0001567194478278
ANTSIRANANA,24h,0.55,55.00000000000001,0.0001567194478278
ANTSIRANANA,24h,0.56,56.00000000000001,0.0001567194478278
ANTSIRANANA,24h,0.5700000000000001,57.00000000000001,0.0001567194478278
ANTSIRANANA,24h,0.58,57.99999999999999,0.0001567194478278
ANTSIRANANA,24h,0.59,59.0,0.0001567194478278
ANTSIRANANA,24h,0.6,60.0,0.0001567194478278
ANTSIRANANA,24h,0.61,61.0,0.0001567194478278
ANTSIRANANA,24h,0.62,62.0,0.0008361951485418
ANTSIRANANA,24h,0.63,63.0,0.0009256437506166
ANTSIRANANA,24h,0.64,64.0,0.0009929145963696
ANTSIRANANA,24h,0.65,65.0,0.0009929145963696
ANTSIRANANA,24h,0.66,66.0,0.0010212577502214
ANTSIRANANA,24h,0.67,67.0,0.0013512320706141
ANTSIRANANA,24h,0.68,68.0,0.0013512320706141
ANTSIRANANA,24h,0.6900000000000001,69.0,0.0013538520643153
ANTSIRANANA,24h,0.7000000000000001,70.0,0.0013538520643153
ANTSIRANANA,24h,0.71,71.0,0.0013538520643153
ANTSIRANANA,24h,0.72,72.0,0.0013538520643153
ANTSIRANANA,24h,0.73,73.0,0.0013549802544975
ANTSIRANANA,24h,0.74,74.0,0.0013549802544975
ANTSIRANANA,24h,0.75,75.0,0.0013549802544975
ANTSIRANANA,24h,0.76,76.0,0.0014095025051181
ANTSIRANANA,24h,0.77,77.0,0.0014095025051181
ANTSIRANANA,24h,0.78,78.0,0.0014095025051181
ANTSIRANANA,24h,0.79,79.0,0.001809622039789
ANTSIRANANA,24h,0.8,80.0,0.0020067327209895
ANTSIRANANA,24h,0.81,81.0,0.002187427219156
ANTSIRANANA,24h,0.8200000000000001,82.0,0.0021888267274892
ANTSIRANANA,24h,0.8300000000000001,83.0,0.0021900472128571
ANTSIRANANA,24h,0.84,84.0,0.0021911754030394
ANTSIRANANA,24h,0.85,85.0,0.0022456976536599
ANTSIRANANA,24h,0.86,86.0,0.002552112870985
ANTSIRANANA,24h,0.87,87.0,0.002552112870985
ANTSIRANANA,24h,0.88,88.0,0.002552112870985
ANTSIRANANA,24h,0.89,89.0,0.0026216748003461
ANTSIRANANA,24h,0.9,90.0,0.0027062123251117
ANTSIRANANA,24h,0.91,91.0,0.0030067546562764
ANTSIRANANA,24h,0.92,92.0,0.0031062110815848
ANTSIRANANA,24h,0.93,93.0,0.0035400587981033
ANTSIRANANA,24h,0.9400000000000001,94.0,0.0039410067217935
ANTSIRANANA,24h,0.9500000000000001,95.0,0.0043418186295841
ANTSIRANANA,24h,0.96,96.0,0.0051758571717478
ANTSIRANANA,24h,0.97,97.0,0.0065284887506951
ANTSIRANANA,24h,0.98,98.0,0.008704442406346928
ANTSIRANANA,24h,0.99,99.0,0.0153319847338844
ANTSIRANANA,24h,1.0,100.0,0.0327694444237302
FIANARANTSOA,6h,0.0,0.0,0.0041139556046172
FIANARANTSOA,6h,0.01,1.0,0.0041591436338416
FIANARANTSOA,6h,0.02,2.0,0.0041613333636103
FIANARANTSOA,6h,0.03,3.0,0.0041770252622986
FIANARANTSOA,6h,0.04,4.0,0.0041926870732169
FIANARANTSOA,6h,0.05,5.0,0.0041926870732169
FIANARANTSOA,6h,0.06,6.0,0.0042152206403081
FIANARANTSOA,6h,0.07,7.000000000000001,0.0042226446892024
FIANARANTSOA,6h,0.08,8.0,0.0042384080918333
FIANARANTSOA,6h,0.09,9.0,0.0042524418058304
FIANARANTSOA,6h,0.1,10.0,0.0042681337045187
FIANARANTSOA,6h,0.11,11.0,0.0042955468903384
FIANARANTSOA,6h,0.12,12.0,0.0043263813574561
FIANARANTSOA,6h,0.13,13.0,0.0043758114581857
FIANARANTSOA,6h,0.14,14.000000000000002,0.0044203326299256
FIANARANTSOA,6h,0.15,15.0,0.0044427887882747
FIANARANTSOA,6h,0.16,16.0,0.0044472634143588
FIANARANTSOA,6h,0.17,17.0,0.00447469972643286
FIANARANTSOA,6h,0.18,18.0,0.0044896000992471
FIANARANTSOA,6h,0.19,19.0,0.0045101028536351
FIANARANTSOA,6h,0.2,20.0,0.0045403087974073
FIANARANTSOA,6h,0.21,21.0,0.00457212694537016
FIANARANTSOA,6h,0.22,22.0,0.0046310438347311
FIANARANTSOA,6h,0.23,23.0,0.00466283447050082
FIANARANTSOA,6h,0.24,24.0,0.0046879479070908
FIANARANTSOA,6h,0.25,25.0,0.0047447492363453
FIANARANTSOA,6h,0.26,26.0,0.0047519690864504
FIANARANTSOA,6h,0.27,27.0,0.00476776423858654
FIANARANTSOA,6h,0.28,28.000000000000004,0.0047807915474881
FIANARANTSOA,6h,0.29,28.999999999999996,0.0048036058487821
FIANARANTSOA,6h,0.3,30.0,0.0048157354352416
FIANARANTSOA,6h,0.31,31.0,0.0048239785606409
FIANARANTSOA,6h,0.32,32.0,0.0048486556769436
FIANARANTSOA,6h,0.33,33.0,0.00485619629175532
FIANARANTSOA,6h,0.34,34.0,0.0048788104857649
FIANARANTSOA,6h,0.35000000000000003,35.0,0.0048970397940783
FIANARANTSOA,6h,0.36,36.0,0.0049175939539752
FIANARANTSOA,6h,0.37,37.0,0.0049402303393715
FIANARANTSOA,6h,0.38,38.0,0.00497047365700432
FIANARANTSOA,6h,0.39,39.0,0.0050066733897088
FIANARANTSOA,6h,0.4,40.0,0.0050483404619189
FIANARANTSOA,6h,0.41000000000000003,41.0,0.0050759681089043406
FIANARANTSOA,6h,0.42,42.0,0.00509669740890934
FIANARANTSOA,6h,0.43,43.0,0.0051159832163202
FIANARANTSOA,6h,0.44,44.0,0.0051366910198793
FIANARANTSOA,6h,0.45,45.0,0.0051570641090867
FIANARANTSOA,6h,0.46,46.0,0.0051660611743285
FIANARANTSOA,6h,0.47000000000000003,47.0,0.005175009636018
FIANARANTSOA,6h,0.48,48.0,0.0051970828685635
FIANARANTSOA,6h,0.49,49.0,0.0052040941692818
FIANARANTSOA,6h,0.5,50.0,0.005222806239406
FIANARANTSOA,6h,0.51,51.0,0.0052490383244327005
FIANARANTSOA,6h,0.52,52.0,0.0052810203287401
FIANARANTSOA,6h,0.53,53.0,0.00531988394880398
FIANARANTSOA,6h,0.54,54.0,0.0053561980137294
FIANARANTSOA,6h,0.55,55.00000000000001,0.0053809457118914
FIANARANTSOA,6h,0.56,56.00000000000001,0.0054228421098784
FIANARANTSOA,6h,0.5700000000000001,57.00000000000001,0.00546398879271138
FIANARANTSOA,6h,0.58,57.99999999999999,0.005490004660902
FIANARANTSOA,6h,0.59,59.0,0.0055351737345431
FIANARANTSOA,6h,0.6,60.0,0.0055989703583418
FIANARANTSOA,6h,0.61,61.0,0.005655105142027319
FIANARANTSOA,6h,0.62,62.0,0.00575559347496786
FIANARANTSOA,6h,0.63,63.0,0.00583518584222884
FIANARANTSOA,6h,0.64,64.0,0.0058882475013622
FIANARANTSOA,6h,0.65,65.0,0.005937594689208
FIANARANTSOA,6h,0.66,66.0,0.0059857413521967
FIANARANTSOA,6h,0.67,67.0,0.0060372158847567
FIANARANTSOA,6h,0.68,68.0,0.0061516007049051405
FIANARANTSOA,6h,0.6900000000000001,69.0,0.0062610847445917
FIANARANTSOA,6h,0.7000000000000001,70.0,0.0063626235972329
FIANARANTSOA,6h,0.71,71.0,0.0064410809547598
FIANARANTSOA,6h,0.72,72.0,0.006534308049609259
FIANARANTSOA,6h,0.73,73.0,0.00665421252534558
FIANARANTSOA,6h,0.74,74.0,0.0068285043080141185
FIANARANTSOA,6h,0.75,75.0,0.0069969030453057
FIANARANTSOA,6h,0.76,76.0,0.0071329326408572
FIANARANTSOA,6h,0.77,77.0,0.00743466292805122
FIANARANTSOA,6h,0.78,78.0,0.0089378702197728
FIANARANTSOA,6h,0.79,79.0,0.0089378702197728
FIANARANTSOA,6h,0.8,80.0,0.0089832907473826
FIANARANTSOA,6h,0.81,81.0,0.009066233726239561
FIANARANTSOA,6h,0.8200000000000001,82.0,0.0091391827950773
FIANARANTSOA,6h,0.8300000000000001,83.0,0.0092055439270007
FIANARANTSOA,6h,0.84,84.0,0.009402193682070376
FIANARANTSOA,6h,0.85,85.0,0.0095880968748186
FIANARANTSOA,6h,0.86,86.0,0.0099408659928938
FIANARANTSOA,6h,0.87,87.0,0.01042242588382826
FIANARANTSOA,6h,0.88,88.0,0.0109910303158867
FIANARANTSOA,6h,0.89,89.0,0.011382308835960041
FIANARANTSOA,6h,0.9,90.0,0.0116145677735641
FIANARANTSOA,6h,0.91,91.0,0.0119081509994379
FIANARANTSOA,6h,0.92,92.0,0.012234305554881668
FIANARANTSOA,6h,0.93,93.0,0.012797332862647464
FIANARANTSOA,6h,0.9400000000000001,94.0,0.0133686022692294
FIANARANTSOA,6h,0.9500000000000001,95.0,0.0136375896474729
FIANARANTSOA,6h,0.96,96.0,0.014298506351778264
FIANARANTSOA,6h,0.97,97.0,0.01642429788578551
FIANARANTSOA,6h,0.98,98.0,0.019645927796288293
FIANARANTSOA,6h,0.99,99.0,0.03028217959303146
FIANARANTSOA,6h,1.0,100.0,0.0763685074973262
FIANARANTSOA,24h,0.0,0.0,0.0
FIANARANTSOA,24h,0.01,1.0,0.0
FIANARANTSOA,24h,0.02,2.0,0.0
FIANARANTSOA,24h,0.03,3.0,0.0
FIANARANTSOA,24h,0.04,4.0,0.0
FIANARANTSOA,24h,0.05,5.0,0.0
FIANARANTSOA,24h,0.06,6.0,0.0
FIANARANTSOA,24h,0.07,7.000000000000001,0.0
FIANARANTSOA,24h,0.08,8.0,0.0
FIANARANTSOA,24h,0.09,9.0,0.0
FIANARANTSOA,24h,0.1,10.0,0.0
FIANARANTSOA,24h,0.11,11.0,0.0
FIANARANTSOA,24h,0.12,12.0,0.0
FIANARANTSOA,24h,0.13,13.0,0.0
FIANARANTSOA,24h,0.14,14.000000000000002,0.0
FIANARANTSOA,24h,0.15,15.0,0.0
FIANARANTSOA,24h,0.16,16.0,0.0
FIANARANTSOA,24h,0.17,17.0,0.0
FIANARANTSOA,24h,0.18,18.0,0.0
FIANARANTSOA,24h,0.19,19.0,0.0
FIANARANTSOA,24h,0.2,20.0,0.0
FIANARANTSOA,24h,0.21,21.0,0.0
FIANARANTSOA,24h,0.22,22.0,0.0
FIANARANTSOA,24h,0.23,23.0,0.0
FIANARANTSOA,24h,0.24,24.0,0.0
FIANARANTSOA,24h,0.25,25.0,0.0
FIANARANTSOA,24h,0.26,26.0,0.0
FIANARANTSOA,24h,0.27,27.0,0.0
FIANARANTSOA,24h,0.28,28.000000000000004,0.0
FIANARANTSOA,24h,0.29,28.999999999999996,0.0
FIANARANTSOA,24h,0.3,30.0,0.0
FIANARANTSOA,24h,0.31,31.0,0.0
FIANARANTSOA,24h,0.32,32.0,0.0
FIANARANTSOA,24h,0.33,33.0,0.0
FIANARANTSOA,24h,0.34,34.0,0.0
FIANARANTSOA,24h,0.35000000000000003,35.0,0.0
FIANARANTSOA,24h,0.36,36.0,0.0
FIANARANTSOA,24h,0.37,37.0,0.0
FIANARANTSOA,24h,0.38,38.0,0.0
FIANARANTSOA,24h,0.39,39.0,0.0
FIANARANTSOA,24h,0.4,40.0,0.0
FIANARANTSOA,24h,0.41000000000000003,41.0,0.0
FIANARANTSOA,24h,0.42,42.0,0.0
FIANARANTSOA,24h,0.43,43.0,0.0
FIANARANTSOA,24h,0.44,44.0,0.0
FIANARANTSOA,24h,0.45,45.0,0.0
FIANARANTSOA,24h,0.46,46.0,0.0
FIANARANTSOA,24h,0.47000000000000003,47.0,0.0
FIANARANTSOA,24h,0.48,48.0,0.0
FIANARANTSOA,24h,0.49,49.0,0.0
FIANARANTSOA,24h,0.5,50.0,0.0
FIANARANTSOA,24h,0.51,51.0,0.0
FIANARANTSOA,24h,0.52,52.0,0.0
FIANARANTSOA,24h,0.53,53.0,0.0
FIANARANTSOA,24h,0.54,54.0,0.0
FIANARANTSOA,24h,0.55,55.00000000000001,0.0
FIANARANTSOA,24h,0.56,56.00000000000001,0.0
FIANARANTSOA,24h,0.5700000000000001,57.00000000000001,0.0
FIANARANTSOA,24h,0.58,57.99999999999999,0.0
FIANARANTSOA,24h,0.59,59.0,0.0
FIANARANTSOA,24h,0.6,60.0,0.0
FIANARANTSOA,24h,0.61,61.0,0.0
FIANARANTSOA,24h,0.62,62.0,0.0
FIANARANTSOA,24h,0.63,63.0,0.0
FIANARANTSOA,24h,0.64,64.0,0.0
FIANARANTSOA,24h,0.65,65.0,0.0
FIANARANTSOA,24h,0.66,66.0,0.0
FIANARANTSOA,24h,0.67,67.0,0.0
FIANARANTSOA,24h,0.68,68.0,0.0001822502079125
FIANARANTSOA,24h,0.6900000000000001,69.0,0.0001822502079125
FIANARANTSOA,24h,0.7000000000000001,70.0,0.0001822502079125
FIANARANTSOA,24h,0.71,71.0,0.0001822502079125
FIANARANTSOA,24h,0.72,72.0,0.0001822502079125
FIANARANTSOA,24h,0.73,73.0,0.001188775510204
FIANARANTSOA,24h,0.74,74.0,0.0012604765817584
FIANARANTSOA,24h,0.75,75.0,0.0012604765817584
FIANARANTSOA,24h,0.76,76.0,0.0012604765817584
FIANARANTSOA,24h,0.77,77.0,0.0012604765817584
FIANARANTSOA,24h,0.78,78.0,0.0012604765817584
FIANARANTSOA,24h,0.79,79.0,0.0017432432432432
FIANARANTSOA,24h,0.8,80.0,0.0036209695145663
FIANARANTSOA,24h,0.81,81.0,0.0045703456136924
FIANARANTSOA,24h,0.8200000000000001,82.0,0.0045703456136924
FIANARANTSOA,24h,0.8300000000000001,83.0,0.0047525958216049
FIANARANTSOA,24h,0.84,84.0,0.0047525958216049
FIANARANTSOA,24h,0.85,85.0,0.0090563153838326
FIANARANTSOA,24h,0.86,86.0,0.012792692159484266
FIANARANTSOA,24h,0.87,87.0,0.0154695577667202
FIANARANTSOA,24h,0.88,88.0,0.0168443797614468
FIANARANTSOA,24h,0.89,89.0,0.0180638389249213
FIANARANTSOA,24h,0.9,90.0,0.0191610954325305
FIANARANTSOA,24h,0.91,91.0,0.0206247566079982
FIANARANTSOA,24h,0.92,92.0,0.0226800766515082
FIANARANTSOA,24h,0.93,93.0,0.028134565717380183
FIANARANTSOA,24h,0.9400000000000001,94.0,0.04400487671592624
FIANARANTSOA,24h,0.9500000000000001,95.0,0.0528891600462965
FIANARANTSOA,24h,0.96,96.0,0.059117041792755766
FIANARANTSOA,24h,0.97,97.0,0.0671433929304471
FIANARANTSOA,24h,0.98,98.0,0.0794965044805803
FIANARANTSOA,24h,0.99,99.0,0.08822005711030789
FIANARANTSOA,24h,1.0,100.0,0.1115774373365694
MAHAJANGA,6h,0.0,0.0,0.0034861022399967
MAHAJANGA,6h,0.01,1.0,0.0037721346546702
MAHAJANGA,6h,0.02,2.0,0.00406620105032856
MAHAJANGA,6h,0.03,3.0,0.0042529255216701796
MAHAJANGA,6h,0.04,4.0,0.00450182970357628
MAHAJANGA,6h,0.05,5.0,0.0046800895956013
MAHAJANGA,6h,0.06,6.0,0.0048659211922598
MAHAJANGA,6h,0.07,7.000000000000001,0.00500733249950448
MAHAJANGA,6h,0.08,8.0,0.005223994188094621
MAHAJANGA,6h,0.09,9.0,0.0054541360115931
MAHAJANGA,6h,0.1,10.0,0.0057237918216509
MAHAJANGA,6h,0.11,11.0,0.005868073739119
MAHAJANGA,6h,0.12,12.0,0.0060027745570985
MAHAJANGA,6h,0.13,13.0,0.0061424972302349
MAHAJANGA,6h,0.14,14.000000000000002,0.00633084537343016
MAHAJANGA,6h,0.15,15.0,0.0064987677576024
MAHAJANGA,6h,0.16,16.0,0.0065981706572938404
MAHAJANGA,6h,0.17,17.0,0.0067068973935357
MAHAJANGA,6h,0.18,18.0,0.0068050202729892
MAHAJANGA,6h,0.19,19.0,0.00691837609404196
MAHAJANGA,6h,0.2,20.0,0.0069912024892046
MAHAJANGA,6h,0.21,21.0,0.00707373205994328
MAHAJANGA,6h,0.22,22.0,0.00716619086027162
MAHAJANGA,6h,0.23,23.0,0.00730818315383532
MAHAJANGA,6h,0.24,24.0,0.0074419074701337195
MAHAJANGA,6h,0.25,25.0,0.0076368158764213
MAHAJANGA,6h,0.26,26.0,0.007836213483502861
MAHAJANGA,6h,0.27,27.0,0.008051973396709221
MAHAJANGA,6h,0.28,28.000000000000004,0.00828570298441028
MAHAJANGA,6h,0.29,28.999999999999996,0.00851695965013344
MAHAJANGA,6h,0.3,30.0,0.0086992148727747
MAHAJANGA,6h,0.31,31.0,0.00893523050242148
MAHAJANGA,6h,0.32,32.0,0.009170420450013105
MAHAJANGA,6h,0.33,33.0,0.00945072727441922
MAHAJANGA,6h,0.34,34.0,0.009637096013138639
MAHAJANGA,6h,0.35000000000000003,35.0,0.0098416228512213
MAHAJANGA,6h,0.36,36.0,0.010082424104422678
MAHAJANGA,6h,0.37,37.0,0.010371570367358019
MAHAJANGA,6h,0.38,38.0,0.0106604248697759
MAHAJANGA,6h,0.39,39.0,0.0109117426712317
MAHAJANGA,6h,0.4,40.0,0.0113336006957334
MAHAJANGA,6h,0.41000000000000003,41.0,0.011851858782041744
MAHAJANGA,6h,0.42,42.0,0.0122552215489937
MAHAJANGA,6h,0.43,43.0,0.012644851839373897
MAHAJANGA,6h,0.44,44.0,0.01333520150909344
MAHAJANGA,6h,0.45,45.0,0.0139174558455096
MAHAJANGA,6h,0.46,46.0,0.014683513183996065
MAHAJANGA,6h,0.47000000000000003,47.0,0.015220055307482078
MAHAJANGA,6h,0.48,48.0,0.01580465769013796
MAHAJANGA,6h,0.49,49.0,0.016332536479119857
MAHAJANGA,6h,0.5,50.0,0.0168427956755602
MAHAJANGA,6h,0.51,51.0,0.017699943969542782
MAHAJANGA,6h,0.52,52.0,0.01848169575539732
MAHAJANGA,6h,0.53,53.0,0.0194936135944699
MAHAJANGA,6h,0.54,54.0,0.02055770557654572
MAHAJANGA,6h,0.55,55.00000000000001,0.0222981355033526
MAHAJANGA,6h,0.56,56.00000000000001,0.0241507194484548
MAHAJANGA,6h,0.5700000000000001,57.00000000000001,0.0256651143820744
MAHAJANGA,6h,0.58,57.99999999999999,0.02747667081324318
MAHAJANGA,6h,0.59,59.0,0.030553960639778815
MAHAJANGA,6h,0.6,60.0,0.0338574615433817
MAHAJANGA,6h,0.61,61.0,0.03716674126904141
MAHAJANGA,6h,0.62,62.0,0.04160029021299765
MAHAJANGA,6h,0.63,63.0,0.04531200876332658
MAHAJANGA,6h,0.64,64.0,0.04929692359291829
MAHAJANGA,6h,0.65,65.0,0.0541841972861391
MAHAJANGA,6h,0.66,66.0,0.059701814087643724
MAHAJANGA,6h,0.67,67.0,0.06570635422808595
MAHAJANGA,6h,0.68,68.0,0.0717079754525202
MAHAJANGA,6h,0.6900000000000001,69.0,0.0787767274766114
MAHAJANGA,6h,0.7000000000000001,70.0,0.08539861619893152
MAHAJANGA,6h,0.71,71.0,0.09125316756985336
MAHAJANGA,6h,0.72,72.0,0.1012797776369257
MAHAJANGA,6h,0.73,73.0,0.11106377740401384
MAHAJANGA,6h,0.74,74.0,0.11795993430418689
MAHAJANGA,6h,0.75,75.0,0.1271339598509019
MAHAJANGA,6h,0.76,76.0,0.13491465975334374
MAHAJANGA,6h,0.77,77.0,0.14242529210099267
MAHAJANGA,6h,0.78,78.0,0.15866474209005363
MAHAJANGA,6h,0.79,79.0,0.1705701145287129
MAHAJANGA,6h,0.8,80.0,0.183911024906256
MAHAJANGA,6h,0.81,81.0,0.1970483808188836
MAHAJANGA,6h,0.8200000000000001,82.0,0.21536642349841797
MAHAJANGA,6h,0.8300000000000001,83.0,0.23323223374516272
MAHAJANGA,6h,0.84,84.0,0.25313055347202895
MAHAJANGA,6h,0.85,85.0,0.2775350824850601
MAHAJANGA,6h,0.86,86.0,0.3199753351236282
MAHAJANGA,6h,0.87,87.0,0.3709292193917821
MAHAJANGA,6h,0.88,88.0,0.42606113424895625
MAHAJANGA,6h,0.89,89.0,0.4872944021243515
MAHAJANGA,6h,0.9,90.0,0.5285284602677185
MAHAJANGA,6h,0.91,91.0,0.5638034750142511
MAHAJANGA,6h,0.92,92.0,0.5969661499251353
MAHAJANGA,6h,0.93,93.0,0.6272287252158504
MAHAJANGA,6h,0.9400000000000001,94.0,0.6732854424721746
MAHAJANGA,6h,0.9500000000000001,95.0,0.7448179168230783
MAHAJANGA,6h,0.96,96.0,0.8080608745681108
MAHAJANGA,6h,0.97,97.0,0.8500662585609177
MAHAJANGA,6h,0.98,98.0,0.8933412412416634
MAHAJANGA,6h,0.99,99.0,0.9454494040523334
MAHAJANGA,6h,1.0,100.0,0.9831089478059664
MAHAJANGA,24h,0.0,0.0,0.0137100638907335
MAHAJANGA,24h,0.01,1.0,0.0201185804901211
MAHAJANGA,24h,0.02,2.0,0.02501943392327242
MAHAJANGA,24h,0.03,3.0,0.0343001009061668
MAHAJANGA,24h,0.04,4.0,0.03912325117359546
MAHAJANGA,24h,0.05,5.0,0.0523711959463751
MAHAJANGA,24h,0.06,6.0,0.08723928086373403
MAHAJANGA,24h,0.07,7.000000000000001,0.10749924609113339
MAHAJANGA,24h,0.08,8.0,0.11419927409753622
MAHAJANGA,24h,0.09,9.0,0.12992568296671309
MAHAJANGA,24h,0.1,10.0,0.1462623272408086
MAHAJANGA,24h,0.11,11.0,0.15241318292733863
MAHAJANGA,24h,0.12,12.0,0.15972545354245282
MAHAJANGA,24h,0.13,13.0,0.16486213106988443
MAHAJANGA,24h,0.14,14.000000000000002,0.17266489469168564
MAHAJANGA,24h,0.15,15.0,0.1780028935368498
MAHAJANGA,24h,0.16,16.0,0.18861037968084252
MAHAJANGA,24h,0.17,17.0,0.19889617581987923
MAHAJANGA,24h,0.18,18.0,0.2100441935992838
MAHAJANGA,24h,0.19,19.0,0.21914664137802103
MAHAJANGA,24h,0.2,20.0,0.2298135688410324
MAHAJANGA,24h,0.21,21.0,0.23678468795359967
MAHAJANGA,24h,0.22,22.0,0.2447888369018082
MAHAJANGA,24h,0.23,23.0,0.251990912548138
MAHAJANGA,24h,0.24,24.0,0.25873246943753775
MAHAJANGA,24h,0.25,25.0,0.2677674955197966
MAHAJANGA,24h,0.26,26.0,0.2740197359097451
MAHAJANGA,24h,0.27,27.0,0.27920306827578895
MAHAJANGA,24h,0.28,28.000000000000004,0.2843921451550989
MAHAJANGA,24h,0.29,28.999999999999996,0.29086720189057647
MAHAJANGA,24h,0.3,30.0,0.2999135127825744
MAHAJANGA,24h,0.31,31.0,0.30901013585006126
MAHAJANGA,24h,0.32,32.0,0.32274271357469325
MAHAJANGA,24h,0.33,33.0,0.3331833231537454
MAHAJANGA,24h,0.34,34.0,0.34806779653540887
MAHAJANGA,24h,0.35000000000000003,35.0,0.3570034732130513
MAHAJANGA,24h,0.36,36.0,0.3624154373566336
MAHAJANGA,24h,0.37,37.0,0.3680696633902674
MAHAJANGA,24h,0.38,38.0,0.3739738194410627
MAHAJANGA,24h,0.39,39.0,0.38030429603321614
MAHAJANGA,24h,0.4,40.0,0.3861819555814755
MAHAJANGA,24h,0.41000000000000003,41.0,0.39337010208224144
MAHAJANGA,24h,0.42,42.0,0.4007306791895998
MAHAJANGA,24h,0.43,43.0,0.4082641191186937
MAHAJANGA,24h,0.44,44.0,0.415458678734819
MAHAJANGA,24h,0.45,45.0,0.4225701662363993
MAHAJANGA,24h,0.46,46.0,0.4300188956487475
MAHAJANGA,24h,0.47000000000000003,47.0,0.44117178949562835
MAHAJANGA,24h,0.48,48.0,0.45114610280840145
MAHAJANGA,24h,0.49,49.0,0.45782360265146943
MAHAJANGA,24h,0.5,50.0,0.4650010898549017
MAHAJANGA,24h,0.51,51.0,0.4716148003834346
MAHAJANGA,24h,0.52,52.0,0.47624130837771605
MAHAJANGA,24h,0.53,53.0,0.48205601693886824
MAHAJANGA,24h,0.54,54.0,0.4865250116989556
MAHAJANGA,24h,0.55,55.00000000000001,0.4915638810841448
MAHAJANGA,24h,0.56,56.00000000000001,0.49555077684909793
MAHAJANGA,24h,0.5700000000000001,57.00000000000001,0.4995584826443101
MAHAJANGA,24h,0.58,57.99999999999999,0.5039788880998813
MAHAJANGA,24h,0.59,59.0,0.5076768759601
MAHAJANGA,24h,0.6,60.0,0.5119064093404175
MAHAJANGA,24h,0.61,61.0,0.5161479884223761
MAHAJANGA,24h,0.62,62.0,0.5210528607475498
MAHAJANGA,24h,0.63,63.0,0.5253060503039951
MAHAJANGA,24h,0.64,64.0,0.5301813658226671
MAHAJANGA,24h,0.65,65.0,0.5345935923481682
MAHAJANGA,24h,0.66,66.0,0.539200743349639
MAHAJANGA,24h,0.67,67.0,0.5429787384422201
MAHAJANGA,24h,0.68,68.0,0.5474294049102573
MAHAJANGA,24h,0.6900000000000001,69.0,0.5525913555262103
MAHAJANGA,24h,0.7000000000000001,70.0,0.5596861338645184
MAHAJANGA,24h,0.71,71.0,0.5685508004471312
MAHAJANGA,24h,0.72,72.0,0.5800889830924013
MAHAJANGA,24h,0.73,73.0,0.5907912470791897
MAHAJANGA,24h,0.74,74.0,0.6047830448238316
MAHAJANGA,24h,0.75,75.0,0.6286931187709313
MAHAJANGA,24h,0.76,76.0,0.662119550655224
MAHAJANGA,24h,0.77,77.0,0.6809688146796717
MAHAJANGA,24h,0.78,78.0,0.6907915203736494
MAHAJANGA,24h,0.79,79.0,0.7004558802414917
MAHAJANGA,24h,0.8,80.0,0.7076222237052068
MAHAJANGA,24h,0.81,81.0,0.7165874687672846
MAHAJANGA,24h,0.8200000000000001,82.0,0.7242951819184646
MAHAJANGA,24h,0.8300000000000001,83.0,0.7345271887855526
MAHAJANGA,24h,0.84,84.0,0.7453956404335496
MAHAJANGA,24h,0.85,85.0,0.7565571293337069
MAHAJANGA,24h,0.86,86.0,0.7670313432518951
MAHAJANGA,24h,0.87,87.0,0.7754327415504966
MAHAJANGA,24h,0.88,88.0,0.7813175095839742
MAHAJANGA,24h,0.89,89.0,0.7890613341868683
MAHAJANGA,24h,0.9,90.0,0.7949386909270477
MAHAJANGA,24h,0.91,91.0,0.7998537798775338
MAHAJANGA,24h,0.92,92.0,0.8041973213437255
MAHAJANGA,24h,0.93,93.0,0.8082854656924231
MAHAJANGA,24h,0.9400000000000001,94.0,0.8139191269249384
MAHAJANGA,24h,0.9500000000000001,95.0,0.8202254217637002
MAHAJANGA,24h,0.96,96.0,0.8266717062784997
MAHAJANGA,24h,0.97,97.0,0.831871861361743
MAHAJANGA,24h,0.98,98.0,0.8377066292080935
MAHAJANGA,24h,0.99,99.0,0.8455337414321373
MAHAJANGA,24h,1.0,100.0,0.8777850936668695
TOAMASINA,6h,0.0,0.0,0.0041821932086568
TOAMASINA,6h,0.01,1.0,0.0051828708963176
TOAMASINA,6h,0.02,2.0,0.00542034083330972
TOAMASINA,6h,0.03,3.0,0.00562687301390116
TOAMASINA,6h,0.04,4.0,0.005821090451752
TOAMASINA,6h,0.05,5.0,0.0061599382526851
TOAMASINA,6h,0.06,6.0,0.0063221947767818
TOAMASINA,6h,0.07,7.000000000000001,0.006554900494350381
TOAMASINA,6h,0.08,8.0,0.006889466333974681
TOAMASINA,6h,0.09,9.0,0.00709938930896602
TOAMASINA,6h,0.1,10.0,0.0073266475498012
TOAMASINA,6h,0.11,11.0,0.00773041113578778
TOAMASINA,6h,0.12,12.0,0.0080215493838645
TOAMASINA,6h,0.13,13.0,0.00826426211357536
TOAMASINA,6h,0.14,14.000000000000002,0.00854479861503526
TOAMASINA,6h,0.15,15.0,0.0088638042950843
TOAMASINA,6h,0.16,16.0,0.009252759034396
TOAMASINA,6h,0.17,17.0,0.009477224487017941
TOAMASINA,6h,0.18,18.0,0.009633177779097361
TOAMASINA,6h,0.19,19.0,0.00983203504989508
TOAMASINA,6h,0.2,20.0,0.01014506442785
TOAMASINA,6h,0.21,21.0,0.0104761264671797
TOAMASINA,6h,0.22,22.0,0.01072120498059376
TOAMASINA,6h,0.23,23.0,0.01106996839840124
TOAMASINA,6h,0.24,24.0,0.0113929539225059
TOAMASINA,6h,0.25,25.0,0.0117161577226754
TOAMASINA,6h,0.26,26.0,0.012077257800260258
TOAMASINA,6h,0.27,27.0,0.01239909150309502
TOAMASINA,6h,0.28,28.000000000000004,0.01260193944825188
TOAMASINA,6h,0.29,28.999999999999996,0.012763568198481637
TOAMASINA,6h,0.3,30.0,0.0129993112156335
TOAMASINA,6h,0.31,31.0,0.01326758329733926
TOAMASINA,6h,0.32,32.0,0.013681042309080061
TOAMASINA,6h,0.33,33.0,0.01395788493929302
TOAMASINA,6h,0.34,34.0,0.014342217866271201
TOAMASINA,6h,0.35000000000000003,35.0,0.014614044427605104
TOAMASINA,6h,0.36,36.0,0.014935326435139978
TOAMASINA,6h,0.37,37.0,0.015224596923070079
TOAMASINA,6h,0.38,38.0,0.0155336923396726
TOAMASINA,6h,0.39,39.0,0.01592261883490382
TOAMASINA,6h,0.4,40.0,0.0163327530504087
TOAMASINA,6h,0.41000000000000003,41.0,0.016746710377621446
TOAMASINA,6h,0.42,42.0,0.01705494832936652
TOAMASINA,6h,0.43,43.0,0.0174825914160746
TOAMASINA,6h,0.44,44.0,0.01803253953843838
TOAMASINA,6h,0.45,45.0,0.0185249923895145
TOAMASINA,6h,0.46,46.0,0.019083255299397518
TOAMASINA,6h,0.47000000000000003,47.0,0.019699250220467278
TOAMASINA,6h,0.48,48.0,0.020179283430614484
TOAMASINA,6h,0.49,49.0,0.02058524236698128
TOAMASINA,6h,0.5,50.0,0.0209112678003986
TOAMASINA,6h,0.51,51.0,0.0213732811209374
TOAMASINA,6h,0.52,52.0,0.021886651480373796
TOAMASINA,6h,0.53,53.0,0.022347112598555163
TOAMASINA,6h,0.54,54.0,0.0227144674590511
TOAMASINA,6h,0.55,55.00000000000001,0.0232668819060822
TOAMASINA,6h,0.56,56.00000000000001,0.0238379650305766
TOAMASINA,6h,0.5700000000000001,57.00000000000001,0.0243978479982992
TOAMASINA,6h,0.58,57.99999999999999,0.025254031230452
TOAMASINA,6h,0.59,59.0,0.02612081114976034
TOAMASINA,6h,0.6,60.0,0.026841746372757
TOAMASINA,6h,0.61,61.0,0.0276494561246014
TOAMASINA,6h,0.62,62.0,0.028476493784154715
TOAMASINA,6h,0.63,63.0,0.0292079328357961
TOAMASINA,6h,0.64,64.0,0.030422434182972344
TOAMASINA,6h,0.65,65.0,0.0321221413940107
TOAMASINA,6h,0.66,66.0,0.03457076735534907
TOAMASINA,6h,0.67,67.0,0.03625443669070012
TOAMASINA,6h,0.68,68.0,0.0380173999869069
TOAMASINA,6h,0.6900000000000001,69.0,0.04100347239569598
TOAMASINA,6h,0.7000000000000001,70.0,0.044092055890013505
TOAMASINA,6h,0.71,71.0,0.04680166838795135
TOAMASINA,6h,0.72,72.0,0.05068286256317285
TOAMASINA,6h,0.73,73.0,0.0530420848127468
TOAMASINA,6h,0.74,74.0,0.05626437478367226
TOAMASINA,6h,0.75,75.0,0.0600087829761928
TOAMASINA,6h,0.76,76.0,0.06302867752414519
TOAMASINA,6h,0.77,77.0,0.06560787035440836
TOAMASINA,6h,0.78,78.0,0.0694539079470676
TOAMASINA,6h,0.79,79.0,0.07390609572965698
TOAMASINA,6h,0.8,80.0,0.0790501023165091
TOAMASINA,6h,0.81,81.0,0.08558544893111834
TOAMASINA,6h,0.8200000000000001,82.0,0.09349581374658171
TOAMASINA,6h,0.8300000000000001,83.0,0.09968934347988681
TOAMASINA,6h,0.84,84.0,0.1077547436195557
TOAMASINA,6h,0.85,85.0,0.1199498395492492
TOAMASINA,6h,0.86,86.0,0.1278167955979224
TOAMASINA,6h,0.87,87.0,0.14178940016060815
TOAMASINA,6h,0.88,88.0,0.15719932172928636
TOAMASINA,6h,0.89,89.0,0.17775938084410295
TOAMASINA,6h,0.9,90.0,0.2067510023032136
TOAMASINA,6h,0.91,91.0,0.22516281321831363
TOAMASINA,6h,0.92,92.0,0.2452228913494627
TOAMASINA,6h,0.93,93.0,0.27362252467051323
TOAMASINA,6h,0.9400000000000001,94.0,0.2956537420009629
TOAMASINA,6h,0.9500000000000001,95.0,0.3292614816937215
TOAMASINA,6h,0.96,96.0,0.44121993011457156
TOAMASINA,6h,0.97,97.0,0.4971548921298248
TOAMASINA,6h,0.98,98.0,0.5583109018125125
TOAMASINA,6h,0.99,99.0,0.6611061128545488
TOAMASINA,6h,1.0,100.0,0.970002094298617
TOAMASINA,24h,0.0,0.0,0.1925880787240282
TOAMASINA,24h,0.01,1.0,0.21893347956686915
TOAMASINA,24h,0.02,2.0,0.22899077745784227
TOAMASINA,24h,0.03,3.0,0.23966984481231635
TOAMASINA,24h,0.04,4.0,0.24916003945517975
TOAMASINA,24h,0.05,5.0,0.2561350018314491
TOAMASINA,24h,0.06,6.0,0.26166344052040935
TOAMASINA,24h,0.07,7.000000000000001,0.2670103912571248
TOAMASINA,24h,0.08,8.0,0.27137778776890636
TOAMASINA,24h,0.09,9.0,0.2761097652899147
TOAMASINA,24h,0.1,10.0,0.2805401551105262
TOAMASINA,24h,0.11,11.0,0.2853285899090246
TOAMASINA,24h,0.12,12.0,0.28991151719082664
TOAMASINA,24h,0.13,13.0,0.29400025325332446
TOAMASINA,24h,0.14,14.000000000000002,0.29738572106120625
TOAMASINA,24h,0.15,15.0,0.3010842261436465
TOAMASINA,24h,0.16,16.0,0.3045218911719427
TOAMASINA,24h,0.17,17.0,0.30734997062705927
TOAMASINA,24h,0.18,18.0,0.31052708983580557
TOAMASINA,24h,0.19,19.0,0.31362316056246975
TOAMASINA,24h,0.2,20.0,0.3169876221671973
TOAMASINA,24h,0.21,21.0,0.32026306331399335
TOAMASINA,24h,0.22,22.0,0.32304045539121484
TOAMASINA,24h,0.23,23.0,0.32653694093801655
TOAMASINA,24h,0.24,24.0,0.32941154974345216
TOAMASINA,24h,0.25,25.0,0.3323510871799862
TOAMASINA,24h,0.26,26.0,0.33466340893990476
TOAMASINA,24h,0.27,27.0,0.33690756612466183
TOAMASINA,24h,0.28,28.000000000000004,0.33978027458432136
TOAMASINA,24h,0.29,28.999999999999996,0.34213761394342823
TOAMASINA,24h,0.3,30.0,0.3446159660221453
TOAMASINA,24h,0.31,31.0,0.346941221407504
TOAMASINA,24h,0.32,32.0,0.34937681508273494
TOAMASINA,24h,0.33,33.0,0.35229823946537375
TOAMASINA,24h,0.34,34.0,0.3544773340049447
TOAMASINA,24h,0.35000000000000003,35.0,0.3569087237972576
TOAMASINA,24h,0.36,36.0,0.3592300724060627
TOAMASINA,24h,0.37,37.0,0.3625260432061381
TOAMASINA,24h,0.38,38.0,0.36616408969887815
TOAMASINA,24h,0.39,39.0,0.36957647519784703
TOAMASINA,24h,0.4,40.0,0.3738531401507197
TOAMASINA,24h,0.41000000000000003,41.0,0.37724418607074234
TOAMASINA,24h,0.42,42.0,0.38112782393319256
TOAMASINA,24h,0.43,43.0,0.3853055796049358
TOAMASINA,24h,0.44,44.0,0.39036948837885105
TOAMASINA,24h,0.45,45.0,0.39497374173032
TOAMASINA,24h,0.46,46.0,0.3998368174256171
TOAMASINA,24h,0.47000000000000003,47.0,0.40555838518332454
TOAMASINA,24h,0.48,48.0,0.4105477539965649
TOAMASINA,24h,0.49,49.0,0.41440534072436785
TOAMASINA,24h,0.5,50.0,0.4196857534849193
TOAMASINA,24h,0.51,51.0,0.42430756647749646
TOAMASINA,24h,0.52,52.0,0.43106661037119826
TOAMASINA,24h,0.53,53.0,0.43801200815616204
TOAMASINA,24h,0.54,54.0,0.4437819792265693
TOAMASINA,24h,0.55,55.00000000000001,0.4490750618510334
TOAMASINA,24h,0.56,56.00000000000001,0.4529908087741706
TOAMASINA,24h,0.5700000000000001,57.00000000000001,0.4596435345289035
TOAMASINA,24h,0.58,57.99999999999999,0.4631267931094879
TOAMASINA,24h,0.59,59.0,0.46707454811398924
TOAMASINA,24h,0.6,60.0,0.4714175997085467
TOAMASINA,24h,0.61,61.0,0.4740222271493021
TOAMASINA,24h,0.62,62.0,0.47709881973072105
TOAMASINA,24h,0.63,63.0,0.47988026580539156
TOAMASINA,24h,0.64,64.0,0.4823654215303619
TOAMASINA,24h,0.65,65.0,0.4852171820037378
TOAMASINA,24h,0.66,66.0,0.48817543492727555
TOAMASINA,24h,0.67,67.0,0.4906248851124079
TOAMASINA,24h,0.68,68.0,0.49352201476721846
TOAMASINA,24h,0.6900000000000001,69.0,0.4965015211566695
TOAMASINA,24h,0.7000000000000001,70.0,0.4995176855404017
TOAMASINA,24h,0.71,71.0,0.5020543923279186
TOAMASINA,24h,0.72,72.0,0.5051276185800355
TOAMASINA,24h,0.73,73.0,0.5075250735623384
TOAMASINA,24h,0.74,74.0,0.5105299171301081
TOAMASINA,24h,0.75,75.0,0.5135702271510075
TOAMASINA,24h,0.76,76.0,0.5166036792194872
TOAMASINA,24h,0.77,77.0,0.5201266459235354
TOAMASINA,24h,0.78,78.0,0.52322715303837
TOAMASINA,24h,0.79,79.0,0.5263235297161014
TOAMASINA,24h,0.8,80.0,0.5300577243136524
TOAMASINA,24h,0.81,81.0,0.5339017481205413
TOAMASINA,24h,0.8200000000000001,82.0,0.5376047807874661
TOAMASINA,24h,0.8300000000000001,83.0,0.5415533552724812
TOAMASINA,24h,0.84,84.0,0.5451326494848543
TOAMASINA,24h,0.85,85.0,0.5489189047094853
TOAMASINA,24h,0.86,86.0,0.5523063644755392
TOAMASINA,24h,0.87,87.0,0.5566216309006861
TOAMASINA,24h,0.88,88.0,0.5613616858662285
TOAMASINA,24h,0.89,89.0,0.5655494138011146
TOAMASINA,24h,0.9,90.0,0.5696726058174667
TOAMASINA,24h,0.91,91.0,0.5736292921322189
TOAMASINA,24h,0.92,92.0,0.5772804017171912
TOAMASINA,24h,0.93,93.0,0.5823264067806793
TOAMASINA,24h,0.9400000000000001,94.0,0.5874770133775051
TOAMASINA,24h,0.9500000000000001,95.0,0.5920693449799067
TOAMASINA,24h,0.96,96.0,0.5973515862817195
TOAMASINA,24h,0.97,97.0,0.6056939615456366
TOAMASINA,24h,0.98,98.0,0.6168895630469448
TOAMASINA,24h,0.99,99.0,0.6340285817265505
TOAMASINA,24h,1.0,100.0,0.7160128728107866
TOLIARY,6h,0.0,0.0,0.0054894850120673
TOLIARY,6h,0.01,1.0,0.0055819415511643
TOLIARY,6h,0.02,2.0,0.0056177342721585
TOLIARY,6h,0.03,3.0,0.0056472789020557
TOLIARY,6h,0.04,4.0,0.0056584376488048
TOLIARY,6h,0.05,5.0,0.0056804734998415
TOLIARY,6h,0.06,6.0,0.0057001521082312
TOLIARY,6h,0.07,7.000000000000001,0.0057302740282454395
TOLIARY,6h,0.08,8.0,0.0057563145251729
TOLIARY,6h,0.09,9.0,0.00585964191057574
TOLIARY,6h,0.1,10.0,0.0059302134203355
TOLIARY,6h,0.11,11.0,0.0059302134203355
TOLIARY,6h,0.12,12.0,0.0060541076642902
TOLIARY,6h,0.13,13.0,0.0061124665624567
TOLIARY,6h,0.14,14.000000000000002,0.00613999124574442
TOLIARY,6h,0.15,15.0,0.006169032416564
TOLIARY,6h,0.16,16.0,0.0061801757283251
TOLIARY,6h,0.17,17.0,0.006201777704746179
TOLIARY,6h,0.18,18.0,0.0062168850642832
TOLIARY,6h,0.19,19.0,0.0062444590121877
TOLIARY,6h,0.2,20.0,0.0062725167100631
TOLIARY,6h,0.21,21.0,0.0063069357085843
TOLIARY,6h,0.22,22.0,0.00633060300730436
TOLIARY,6h,0.23,23.0,0.006355353259103
TOLIARY,6h,0.24,24.0,0.00638304615539698
TOLIARY,6h,0.25,25.0,0.0063999122866229
TOLIARY,6h,0.26,26.0,0.006430554664957
TOLIARY,6h,0.27,27.0,0.0064436874721974
TOLIARY,6h,0.28,28.000000000000004,0.0064741629227891
TOLIARY,6h,0.29,28.999999999999996,0.0064916234329663
TOLIARY,6h,0.3,30.0,0.0064916234329663
TOLIARY,6h,0.31,31.0,0.0065079662576495
TOLIARY,6h,0.32,32.0,0.0065499449228171
TOLIARY,6h,0.33,33.0,0.0066519168418623
TOLIARY,6h,0.34,34.0,0.0067346326471991
TOLIARY,6h,0.35000000000000003,35.0,0.0067346326471991
TOLIARY,6h,0.36,36.0,0.006802448344895
TOLIARY,6h,0.37,37.0,0.0069638336801279
TOLIARY,6h,0.38,38.0,0.0069902551704377
TOLIARY,6h,0.39,39.0,0.00701733219242052
TOLIARY,6h,0.4,40.0,0.0070413180562025
TOLIARY,6h,0.41000000000000003,41.0,0.0070573627891261
TOLIARY,6h,0.42,42.0,0.0070763307074416595
TOLIARY,6h,0.43,43.0,0.00710486407633464
TOLIARY,6h,0.44,44.0,0.00712944617291654
TOLIARY,6h,0.45,45.0,0.0071688767418614
TOLIARY,6h,0.46,46.0,0.0072506761620026
TOLIARY,6h,0.47000000000000003,47.0,0.0073578956517743
TOLIARY,6h,0.48,48.0,0.0075580619732007
TOLIARY,6h,0.49,49.0,0.0076756768780626
TOLIARY,6h,0.5,50.0,0.0076756768780626
TOLIARY,6h,0.51,51.0,0.0077041939144346
TOLIARY,6h,0.52,52.0,0.0077041939144346
TOLIARY,6h,0.53,53.0,0.0077467343417456
TOLIARY,6h,0.54,54.0,0.0078228209723339
TOLIARY,6h,0.55,55.00000000000001,0.0078722739738602
TOLIARY,6h,0.56,56.00000000000001,0.00790632387494546
TOLIARY,6h,0.5700000000000001,57.00000000000001,0.0079566465988294
TOLIARY,6h,0.58,57.99999999999999,0.0079944512302615
TOLIARY,6h,0.59,59.0,0.0080483990542922
TOLIARY,6h,0.6,60.0,0.0081561721056401
TOLIARY,6h,0.61,61.0,0.0083193067705441
TOLIARY,6h,0.62,62.0,0.008709609388462778
TOLIARY,6h,0.63,63.0,0.0088433684098751
TOLIARY,6h,0.64,64.0,0.0088889176220194
TOLIARY,6h,0.65,65.0,0.0089454189628206
TOLIARY,6h,0.66,66.0,0.0089987026372917
TOLIARY,6h,0.67,67.0,0.00905579076531198
TOLIARY,6h,0.68,68.0,0.009269690411901343
TOLIARY,6h,0.6900000000000001,69.0,0.009621640880271426
TOLIARY,6h,0.7000000000000001,70.0,0.0097174018629402
TOLIARY,6h,0.71,71.0,0.009758501096938
TOLIARY,6h,0.72,72.0,0.009758501096938
TOLIARY,6h,0.73,73.0,0.0098279587305038
TOLIARY,6h,0.74,74.0,0.0098666395122434
TOLIARY,6h,0.75,75.0,0.0099479531724281
TOLIARY,6h,0.76,76.0,0.0099776644621484
TOLIARY,6h,0.77,77.0,0.0100233032731913
TOLIARY,6h,0.78,78.0,0.01007515393763656
TOLIARY,6h,0.79,79.0,0.0102056228939221
TOLIARY,6h,0.8,80.0,0.0106345041876081
TOLIARY,6h,0.81,81.0,0.0113052304138036
TOLIARY,6h,0.8200000000000001,82.0,0.0114484584317949
TOLIARY,6h,0.8300000000000001,83.0,0.0115788088372126
TOLIARY,6h,0.84,84.0,0.011729082175567
TOLIARY,6h,0.85,85.0,0.011729082175567
TOLIARY,6h,0.86,86.0,0.0117767520643176
TOLIARY,6h,0.87,87.0,0.0118668265452924
TOLIARY,6h,0.88,88.0,0.0119338568686262
TOLIARY,6h,0.89,89.0,0.0120855137084462
TOLIARY,6h,0.9,90.0,0.0121941932637807
TOLIARY,6h,0.91,91.0,0.0127213611025504
TOLIARY,6h,0.92,92.0,0.0128503220122786
TOLIARY,6h,0.93,93.0,0.0129943511763977
TOLIARY,6h,0.9400000000000001,94.0,0.0131683325972408
TOLIARY,6h,0.9500000000000001,95.0,0.0137223376726328
TOLIARY,6h,0.96,96.0,0.0153777335310721
TOLIARY,6h,0.97,97.0,0.0158342457015651
TOLIARY,6h,0.98,98.0,0.02007140171478609
TOLIARY,6h,0.99,99.0,0.024283780411980652
TOLIARY,6h,1.0,100.0,0.041124277319517
TOLIARY,24h,0.0,0.0,0.0
TOLIARY,24h,0.01,1.0,0.0
TOLIARY,24h,0.02,2.0,0.0
TOLIARY,24h,0.03,3.0,0.0
TOLIARY,24h,0.04,4.0,0.0
TOLIARY,24h,0.05,5.0,0.0
TOLIARY,24h,0.06,6.0,0.0
TOLIARY,24h,0.07,7.000000000000001,0.0
TOLIARY,24h,0.08,8.0,0.0
TOLIARY,24h,0.09,9.0,0.0
TOLIARY,24h,0.1,10.0,0.0
TOLIARY,24h,0.11,11.0,0.0
TOLIARY,24h,0.12,12.0,0.0
TOLIARY,24h,0.13,13.0,0.0
TOLIARY,24h,0.14,14.000000000000002,0.0
TOLIARY,24h,0.15,15.0,0.0
TOLIARY,24h,0.16,16.0,0.0
TOLIARY,24h,0.17,17.0,0.0
TOLIARY,24h,0.18,18.0,0.0
TOLIARY,24h,0.19,19.0,0.0
TOLIARY,24h,0.2,20.0,0.0
TOLIARY,24h,0.21,21.0,0.0
TOLIARY,24h,0.22,22.0,0.0
TOLIARY,24h,0.23,23.0,0.0
TOLIARY,24h,0.24,24.0,0.0
TOLIARY,24h,0.25,25.0,0.0
TOLIARY,24h,0.26,26.0,0.0
TOLIARY,24h,0.27,27.0,0.0
TOLIARY,24h,0.28,28.000000000000004,0.0
TOLIARY,24h,0.29,28.999999999999996,0.0
TOLIARY,24h,0.3,30.0,0.0
TOLIARY,24h,0.31,31.0,0.0
TOLIARY,24h,0.32,32.0,0.0
TOLIARY,24h,0.33,33.0,0.0
TOLIARY,24h,0.34,34.0,0.0
TOLIARY,24h,0.35000000000000003,35.0,0.0
TOLIARY,24h,0.36,36.0,0.0
TOLIARY,24h,0.37,37.0,0.0
TOLIARY,24h,0.38,38.0,0.0
TOLIARY,24h,0.39,39.0,0.0
TOLIARY,24h,0.4,40.0,0.0
TOLIARY,24h,0.41000000000000003,41.0,0.0
TOLIARY,24h,0.42,42.0,0.0
TOLIARY,24h,0.43,43.0,0.0
TOLIARY,24h,0.44,44.0,0.0
TOLIARY,24h,0.45,45.0,0.0
TOLIARY,24h,0.46,46.0,0.0
TOLIARY,24h,0.47000000000000003,47.0,0.0
TOLIARY,24h,0.48,48.0,0.0
TOLIARY,24h,0.49,49.0,0.0
TOLIARY,24h,0.5,50.0,0.0
TOLIARY,24h,0.51,51.0,0.0
TOLIARY,24h,0.52,52.0,0.0
TOLIARY,24h,0.53,53.0,0.0
TOLIARY,24h,0.54,54.0,0.0
TOLIARY,24h,0.55,55.00000000000001,0.0
TOLIARY,24h,0.56,56.00000000000001,0.0
TOLIARY,24h,0.5700000000000001,57.00000000000001,0.0
TOLIARY,24h,0.58,57.99999999999999,0.0
TOLIARY,24h,0.59,59.0,0.0
TOLIARY,24h,0.6,60.0,0.0
TOLIARY,24h,0.61,61.0,0.0
TOLIARY,24h,0.62,62.0,0.0001486672426482
TOLIARY,24h,0.63,63.0,0.0009847328244274
TOLIARY,24h,0.64,64.0,0.0010894339002547
TOLIARY,24h,0.65,65.0,0.0012381011429029
TOLIARY,24h,0.66,66.0,0.0012381011429029
TOLIARY,24h,0.67,67.0,0.0012381011429029
TOLIARY,24h,0.68,68.0,0.0012381011429029
TOLIARY,24h,0.6900000000000001,69.0,0.0012381011429029
TOLIARY,24h,0.7000000000000001,70.0,0.0012692264542547
TOLIARY,24h,0.71,71.0,0.0012692264542547
TOLIARY,24h,0.72,72.0,0.0012865105908584
TOLIARY,24h,0.73,73.0,0.0012865105908584
TOLIARY,24h,0.74,74.0,0.0016264637002341
TOLIARY,24h,0.75,75.0,0.0016946564885496
TOLIARY,24h,0.76,76.0,0.0017165043756933
TOLIARY,24h,0.77,77.0,0.0022579974790208368
TOLIARY,24h,0.78,78.0,0.0025073275971577
TOLIARY,24h,0.79,79.0,0.0025246117337613
TOLIARY,24h,0.8,80.0,0.0027399267607426
TOLIARY,24h,0.81,81.0,0.0031487783652027
TOLIARY,24h,0.8200000000000001,82.0,0.0032219769382755
TOLIARY,24h,0.8300000000000001,83.0,0.00351033429413
TOLIARY,24h,0.84,84.0,0.0036497456805748
TOLIARY,24h,0.85,85.0,0.003740180250632
TOLIARY,24h,0.86,86.0,0.0039434951666056
TOLIARY,24h,0.87,87.0,0.0044600780811784
TOLIARY,24h,0.88,88.0,0.0046918911251793
TOLIARY,24h,0.89,89.0,0.0050266627735989
TOLIARY,24h,0.9,90.0,0.0052501960918717
TOLIARY,24h,0.91,91.0,0.005641455904426909
TOLIARY,24h,0.92,92.0,0.0060113955980264
TOLIARY,24h,0.93,93.0,0.0063220694611841
TOLIARY,24h,0.9400000000000001,94.0,0.006931008106524
TOLIARY,24h,0.9500000000000001,95.0,0.0076802053983188
TOLIARY,24h,0.96,96.0,0.0086136401279269
TOLIARY,24h,0.97,97.0,0.0089326332821708
TOLIARY,24h,0.98,98.0,0.0101989030015009
TOLIARY,24h,0.99,99.0,0.01081756226204724
TOLIARY,24h,1.0,100.0,0.0148173983279073
